<?xml version="1.0"?>

<ext-info>
	<servlet-context-name>manageuser-sso-ext</servlet-context-name>
	<files>
		<file>ext-impl/classes/com/liferay/portal/deploy/dependencies/ext-manageuser-sso-ext-util-bridges.jar</file>
		<file>ext-impl/classes/com/liferay/portal/deploy/dependencies/ext-manageuser-sso-ext-util-java.jar</file>
		<file>ext-impl/classes/com/liferay/portal/deploy/dependencies/ext-manageuser-sso-ext-util-taglib.jar</file>
		<file>ext-impl/classes/com/liferay/portal/events/LogoutRedirectURL.class</file>
		<file>ext-impl/classes/com/liferay/portal/security/auth/OracleAutoLogin.class</file>
		<file>ext-impl/classes/com/liferay/portal/servlet/filters/sso/oracle/OracleSSODataSource.class</file>
		<file>ext-impl/classes/com/liferay/portal/servlet/filters/sso/oracle/OracleSSOFilter.class</file>
		<file>ext-impl/classes/com/liferay/portal/servlet/filters/sso/oracle/SSOEnablerBean.class</file>
		<file>ext-impl/classes/com/liferay/portlet/assetpublisher/action/DeleteBulkAssetEntryAction.class</file>
		<file>ext-impl/classes/com/liferay/portlet/assetpublisher/action/EditBulkAssetEntryAction.class</file>
		<file>ext-impl/classes/com/liferay/portlet/assetpublisher/action/MoveUpDownAssetEntryAction.class</file>
		<file>ext-impl/classes/com/liferay/portlet/calendar/action/ConfigurationActionImpl.class</file>
		<file>ext-impl/classes/com/liferay/portlet/messageboards/service/impl/MBMessageLocalServiceImpl.class</file>
		<file>ext-impl/classes/com/liferay/portlet/messageboards/service/impl/MBMessageServiceImpl.class</file>
		<file>ext-impl/classes/com/liferay/portlet/messageboards/service/permission/MBDiscussionPermission.class</file>
		<file>ext-impl/classes/content/Language-ext_en.properties</file>
		<file>ext-lib/portal/OidTool.jar</file>
		<file>ext-lib/portal/ldapjclnt9.jar</file>
		<file>ext-lib/portal/ojdbc14.jar</file>
		<file>ext-lib/portal/ssosdk902.jar</file>
		<file>ext-web/docroot/META-INF/MANIFEST.MF</file>
		<file>ext-web/docroot/WEB-INF/liferay-portlet-ext.xml</file>
		<file>ext-web/docroot/WEB-INF/portlet-ext.xml</file>
		<file>ext-web/docroot/WEB-INF/struts-config-ext.xml</file>
		<file>ext-web/docroot/WEB-INF/tiles-defs-ext.xml</file>
		<file>ext-web/docroot/WEB-INF/web.xml</file>
		<file>ext-web/docroot/html/portlet/calendar/configuration.jsp</file>
		<file>ext-web/docroot/html/portlet/calendar/css/main.jsp</file>
		<file>ext-web/docroot/html/portlet/calendar/customMonth.jspf</file>
		<file>ext-web/docroot/html/portlet/calendar/customSummary.jspf</file>
		<file>ext-web/docroot/html/portlet/calendar/customTabs1.jsp</file>
		<file>ext-web/docroot/html/portlet/calendar/event_iterator.jspf</file>
		<file>ext-web/docroot/html/portlet/calendar/hover.jsp</file>
		<file>ext-web/docroot/html/portlet/calendar/init.jsp</file>
		<file>ext-web/docroot/html/portlet/calendar/view.jsp</file>
		<file>ext-web/docroot/html/taglib/ui/calendar/page.jsp</file>
	</files>
</ext-info>