<?xml version="1.0"?>
<!DOCTYPE struts-config PUBLIC "-//Apache Software Foundation//DTD Struts Configuration 1.2//EN" "http://jakarta.apache.org/struts/dtds/struts-config_1_2.dtd">

<struts-config>
	<action-mappings>
		<action path="/asset_publisher/delete_file_entry" type="com.liferay.portlet.documentlibrary.action.EditFileEntryAction">
			<forward name="portlet.asset_publisher.view" path="portlet.asset_publisher.view" />
			<forward name="portlet.document_library.error" path="portlet.asset_publisher.view" />
		</action>
	</action-mappings>
	<action-mappings>
		<action path="/asset_publisher/delete_bookmark" type="com.liferay.portlet.bookmarks.action.EditEntryAction">
			<forward name="portlet.asset_publisher.view" path="portlet.asset_publisher.view" />
			<forward name="portlet.document_library.error" path="portlet.asset_publisher.view" />
		</action>
	</action-mappings>
	<action-mappings>
		<action path="/asset_publisher/move_up_down_asset_entry" type="com.liferay.portlet.assetpublisher.action.MoveUpDownAssetEntryAction">
			<forward name="portlet.asset_publisher.view" path="portlet.asset_publisher.view" />
		</action>
	</action-mappings>
	<action-mappings>
		<action path="/asset_publisher/delete_bulk_file_entry" type="com.liferay.portlet.assetpublisher.action.DeleteBulkAssetEntryAction">
			<forward name="portlet.asset_publisher.view" path="portlet.asset_publisher.view" />
		</action>
	</action-mappings>
	<action-mappings>
		<action path="/asset_publisher/edit_bulk_asset_entry" type="com.liferay.portlet.assetpublisher.action.EditBulkAssetEntryAction">
			<forward name="portlet.asset_publisher.edit_bulk_asset_entry" path="portlet.asset_publisher.edit_bulk_asset_entry" />
		</action>
	</action-mappings>
</struts-config>